{
  "clusters_count": 4,
  "total_hotspot_points": 200,
  "inertia": 26751.246862757376,
  "trained_at": "2026-07-21T10:42:45.363378"
}